,distance,consume,speed,temp_inside,temp_outside,gas_type,refill liters,refill gas,AC,rain,snow,sun,distance_miles,consumed_per_100m,MPG,consumption_rate
0,28.0,5.0,26,21.5,12,E10,45.0,E10,0,0,0,0,17.398388,1.3208600000000001,13.172015202216736,17.857142857142858
1,12.0,4.2,30,21.5,13,E10,,,0,0,0,0,7.4564520000000005,1.1095224000000001,6.720415919498335,35.0
2,11.2,5.5,38,21.5,15,E10,,,0,0,0,0,6.9593552,1.452946,4.789823709896996,49.10714285714286
3,12.9,3.9,36,21.5,14,E10,,,0,0,0,0,8.015685900000001,1.0302708,7.780173814496151,30.23255813953488
4,18.5,4.5,46,21.5,15,E10,,,0,0,0,0,11.4953635,1.188774,9.66993179527816,24.324324324324326
5,8.3,6.4,50,21.5,10,E10,,,0,0,0,0,5.1573793000000006,1.6907008000000001,3.0504387884597914,77.10843373493975
6,7.8,4.4,43,21.5,11,E10,,,0,0,0,0,4.8466938,1.1623568000000002,4.16971260459783,56.41025641025642
7,12.3,5.0,40,21.5,6,E10,,,0,0,0,0,7.6428633,1.3208600000000001,5.786278106688067,40.65040650406504
8,4.9,6.4,26,21.5,4,E10,,,0,0,0,0,3.0447179,1.6907008000000001,1.8008614534280696,130.6122448979592
9,11.9,5.3,30,21.5,9,E10,,,0,0,0,0,7.3943149,1.4001116,5.281232510322749,44.53781512605042
10,12.4,5.6,42,21.5,4,E10,,,0,0,0,0,7.7050004,1.4793632,5.20832233761121,45.16129032258064
11,11.8,4.6,38,21.5,0,E10,,,0,0,0,0,7.3321778,1.2151912,6.033764727723506,38.983050847457626
12,12.3,5.9,59,21.5,10,E10,,,0,0,0,0,7.6428633,1.5586148000000002,4.903625514142429,47.96747967479675
13,24.7,5.1,58,21.5,12,E10,,,0,0,0,0,15.3478637,1.3472772,11.391763847855511,20.647773279352226
14,12.4,4.7,46,21.5,11,E10,,,0,0,0,0,7.7050004,1.2416084,6.205660657579314,37.903225806451616
15,17.3,5.1,24,21.5,5,E10,,,0,0,0,0,10.749718300000001,1.3472772,7.978846743639692,29.479768786127163
16,33.4,5.6,36,21.5,3,E10,,,0,0,0,0,20.7537914,1.4793632,14.028868231952774,16.766467065868262
17,11.8,5.1,32,21.5,3,E10,,,0,0,0,0,7.3321778,1.3472772,5.442219166181986,43.220338983050844
18,25.9,4.9,39,21.5,8,E10,,,0,0,0,0,16.0935089,1.2944428000000001,12.43276945107192,18.91891891891892
19,11.8,4.7,40,21.5,4,E10,,,0,0,0,0,7.3321778,1.2416084,5.905386754793218,39.83050847457627
20,25.3,5.5,32,21.5,3,E10,,,0,0,0,0,15.7206863,1.452946,10.81986963039232,21.73913043478261
21,14.2,5.9,38,21.5,1,E10,,,0,0,0,0,8.823468199999999,1.5586148000000002,5.661096122018088,41.549295774647895
22,17.9,5.7,37,21.5,1,E10,,,0,0,0,0,11.122540899999999,1.5057804000000001,7.386562409764397,31.84357541899442
23,11.8,4.7,36,21.5,1,E10,,,0,0,0,0,7.3321778,1.2416084,5.905386754793218,39.83050847457627
24,12.3,5.9,62,21.5,6,E10,,,0,0,0,0,7.6428633,1.5586148000000002,4.903625514142429,47.96747967479675
25,12.4,4.1,57,21.5,9,E10,,,0,0,0,0,7.7050004,1.0831051999999999,7.113806119664093,33.064516129032256
26,18.4,5.7,21,22.5,2,E10,,,0,0,0,0,11.433226399999999,1.5057804000000001,7.592890968696364,30.978260869565222
27,18.4,5.8,28,21.5,3,E10,,,0,0,0,0,11.433226399999999,1.5321976000000002,7.461979055442978,31.521739130434785
28,18.3,5.5,29,21.5,1,E10,,,0,0,0,0,11.371089300000001,1.452946,7.826229811706699,30.05464480874317
29,18.4,5.7,35,21.5,4,E10,,,0,0,0,0,11.433226399999999,1.5057804000000001,7.592890968696364,30.978260869565222
30,12.3,5.3,51,21.5,11,E10,,,0,0,0,0,7.6428633,1.4001116,5.458752930837799,43.08943089430894
31,11.8,5.0,29,21.5,10,E10,,,0,0,0,0,7.3321778,1.3208600000000001,5.551063549505625,42.3728813559322
32,12.3,5.6,58,21.5,8,E10,,,0,0,0,0,7.6428633,1.4793632,5.166319738114345,45.52845528455284
33,32.6,4.8,40,21.5,7,E10,,,0,0,0,0,20.2566946,1.2680256,15.9749886753075,14.723926380368097
34,19.0,4.3,36,21.5,7,E10,,,0,0,0,0,11.806049,1.1359396,10.393201363875333,22.631578947368418
35,12.1,5.7,36,21.5,8,E10,,,0,0,0,0,7.5185891,1.5057804000000001,4.993151126153587,47.10743801652893
36,20.0,5.2,37,21.5,4,E10,,,0,0,0,0,12.42742,1.3736944000000002,9.04671373778622,26.0
37,4.9,7.4,26,21.5,6,E10,,,0,0,0,0,3.0447179,1.9548728000000002,1.5575017975594114,151.0204081632653
38,11.8,4.8,23,21.5,9,E10,,,0,0,0,0,7.3321778,1.2680256,5.782357864068359,40.67796610169491
39,12.3,6.5,58,21.5,7,E10,,,0,0,0,0,7.6428633,1.7171180000000001,4.45098315899082,52.84552845528455
40,12.4,4.0,55,21.5,7,E10,,,1,1,0,0,7.7050004,1.056688,7.2916512726556935,32.25806451612903
41,4.5,5.0,29,21.5,7,E10,,,1,0,0,0,2.7961695,1.3208600000000001,2.1169310146419753,111.11111111111111
42,11.7,4.6,37,21.5,6,E10,,,0,0,0,0,7.2700407,1.2151912,5.982631128336018,39.31623931623932
43,10.2,4.3,44,21.5,7,E10,,,0,0,0,0,6.337984199999999,1.1359396,5.579508100606757,42.15686274509804
44,5.4,3.3,32,21.5,7,SP98,37.6,SP98,0,0,0,0,3.3554034,0.8717676,3.848965481167229,61.11111111111111
45,2.0,9.9,21,21.5,4,SP98,,,0,0,0,0,1.242742,2.6153028000000003,0.47518092360089237,495.0
46,14.2,5.1,32,21.5,7,SP98,,,0,0,0,0,8.823468199999999,1.3472772,6.549111199981711,35.91549295774647
47,16.0,4.9,25,21.5,8,SP98,,,0,0,0,0,9.941936,1.2944428000000001,7.6804753365695255,30.625000000000004
48,11.8,4.9,25,21.5,11,SP98,,,0,0,0,0,7.3321778,1.2944428000000001,5.664350560720025,41.52542372881356
49,27.3,4.7,36,21.5,10,SP98,,,0,0,0,0,16.9634283,1.2416084,13.66246257676736,17.216117216117215
50,11.8,5.1,29,21.5,5,SP98,,,0,1,0,0,7.3321778,1.3472772,5.442219166181986,43.220338983050844
51,10.6,4.9,63,21.5,6,SP98,,,0,0,0,0,6.5865326,1.2944428000000001,5.088314910477311,46.22641509433963
52,11.6,4.2,61,21.5,7,SP98,,,0,0,0,0,7.2079036,1.1095224000000001,6.496402055515056,36.206896551724135
53,13.1,6.1,46,21.5,6,SP98,,,0,1,0,0,8.1399601,1.6114492,5.051329014901618,46.56488549618321
54,6.1,6.4,28,21.5,8,SP98,,,0,0,0,0,3.7903631,1.6907008000000001,2.2418887481451475,104.91803278688525
55,153.5,4.9,82,21.5,3,SP98,,,0,1,0,0,95.3804485,1.2944428000000001,73.68456026021389,3.1921824104234533
56,11.8,4.9,24,21.5,7,SP98,,,0,0,0,0,7.3321778,1.2944428000000001,5.664350560720025,41.52542372881356
57,12.3,6.2,61,21.5,8,SP98,,,0,0,0,0,7.6428633,1.6378664,4.666353311845215,50.40650406504065
58,12.4,4.2,57,21.5,8,SP98,,,0,0,0,0,7.7050004,1.1095224000000001,6.944429783481612,33.87096774193549
59,12.3,5.7,52,21.5,8,SP98,,,0,1,0,0,7.6428633,1.5057804000000001,5.075682549726374,46.34146341463414
60,2.9,7.9,18,21.5,9,SP98,,,1,1,0,0,1.8019759,2.0869588,0.8634458428216215,272.4137931034483
61,2.1,12.2,23,21.5,9,SP98,,,0,0,0,0,1.3048791,3.2228984,0.40487751646158004,580.952380952381
62,9.8,5.8,24,21.5,6,SP98,,,0,0,0,0,6.0894358,1.5321976000000002,3.9743149317033257,59.183673469387756
63,6.8,5.3,26,21.5,6,SP98,,,0,0,0,0,4.2253228,1.4001116,3.0178471487558562,77.94117647058823
64,12.4,5.4,24,21.5,7,SP98,,,0,0,0,0,7.7050004,1.4265288000000003,5.401223164930143,43.54838709677419
65,12.4,4.7,57,21.5,8,SP98,,,0,0,0,0,7.7050004,1.2416084,6.205660657579314,37.903225806451616
66,11.8,4.6,41,21.5,6,SP98,,,0,0,0,0,7.3321778,1.2151912,6.033764727723506,38.983050847457626
67,12.3,5.4,55,21.5,8,SP98,,,0,0,0,0,7.6428633,1.4265288000000003,5.357664913600061,43.90243902439025
68,14.0,4.3,40,21.5,8,SP98,,,0,0,0,0,8.699194,1.1359396,7.658148373381825,30.71428571428571
69,11.8,4.5,37,21.5,4,SP98,,,1,0,0,0,7.3321778,1.188774,6.167848388339584,38.13559322033898
70,12.3,5.2,55,21.5,12,SP98,,,0,0,0,0,7.6428633,1.3736944000000002,5.563728948738525,42.27642276422764
71,2.0,6.2,20,21.5,10,SP98,,,0,0,0,0,1.242742,1.6378664,0.7587566360723927,310.0
72,13.9,5.1,29,21.5,6,SP98,,,0,0,0,0,8.637056900000001,1.3472772,6.4107496957567465,36.690647482014384
73,9.7,3.9,42,21.5,8,SP98,,,0,0,0,0,6.027298699999999,1.0302708,5.8502082171017555,40.20618556701031
74,11.6,5.0,25,21.5,6,SP98,,,0,0,0,0,7.2079036,1.3208600000000001,5.456977726632648,43.10344827586207
75,14.2,5.4,38,21.5,7,SP98,,,0,0,0,0,8.823468199999999,1.4265288000000003,6.185271688871614,38.02816901408451
76,11.8,4.5,39,21.5,6,SP98,,,0,0,0,0,7.3321778,1.188774,6.167848388339584,38.13559322033898
77,24.8,5.1,50,21.5,9,SP98,,,0,0,0,0,15.4100008,1.3472772,11.437884349263834,20.564516129032256
78,12.4,4.7,56,21.5,7,SP98,,,0,0,0,0,7.7050004,1.2416084,6.205660657579314,37.903225806451616
79,34.8,4.0,28,20.0,4,SP98,,,0,0,0,0,21.623710799999998,1.056688,20.46366647487243,11.49425287356322
80,14.2,5.4,36,20.0,6,SP98,,,0,0,0,0,8.823468199999999,1.4265288000000003,6.185271688871614,38.02816901408451
81,5.2,4.5,39,20.0,10,SP98,,,0,0,0,0,3.2311292000000003,1.188774,2.7180348829971046,86.53846153846153
82,10.5,3.6,42,20.0,10,SP98,37.7,SP98,0,0,0,0,6.5243955,0.9510192000000001,6.860424584487883,34.285714285714285
83,12.3,5.2,57,20.0,10,SP98,,,0,0,0,0,7.6428633,1.3736944000000002,5.563728948738525,42.27642276422764
84,11.8,4.9,25,20.0,11,SP98,,,0,0,0,0,7.3321778,1.2944428000000001,5.664350560720025,41.52542372881356
85,12.3,6.2,58,20.0,11,SP98,,,0,1,0,0,7.6428633,1.6378664,4.666353311845215,50.40650406504065
86,13.2,4.3,51,20.0,11,SP98,,,0,1,0,0,8.202097199999999,1.1359396,7.2205398949028625,32.57575757575758
87,13.0,5.0,45,20.0,11,SP98,,,0,1,0,0,8.077823,1.3208600000000001,6.115578486743485,38.46153846153847
88,12.9,5.1,32,20.0,11,SP98,,,0,0,0,0,8.015685900000001,1.3472772,5.949544681673528,39.53488372093023
89,13.9,5.6,22,20.0,8,SP98,,,0,0,0,0,8.637056900000001,1.4793632,5.8383613300641795,40.28776978417265
90,11.8,4.3,37,20.0,6,SP98,,,0,0,0,0,7.3321778,1.1359396,6.454725057564681,36.440677966101696
91,12.2,5.8,60,20.0,11,SP98,,,0,0,0,0,7.5807262,1.5321976000000002,4.947616547630671,47.54098360655738
92,12.5,4.0,51,20.0,13,SP98,,,0,0,0,0,7.7671375000000005,1.056688,7.350454911951305,32.0
93,12.4,4.7,43,,10,SP98,,,0,0,0,0,7.7050004,1.2416084,6.205660657579314,37.903225806451616
94,11.8,5.9,21,20.0,9,SP98,,,1,1,0,0,7.3321778,1.5586148000000002,4.704291143648835,50.0
95,11.8,5.3,52,,11,SP98,,,0,0,0,0,7.3321778,1.4001116,5.236852405193986,44.91525423728813
96,12.5,4.2,57,20.0,11,SP98,,,0,0,0,0,7.7671375000000005,1.1095224000000001,7.000433249477433,33.6
97,15.7,5.3,33,,9,SP98,,,0,0,0,0,9.7555247,1.4001116,6.967676505215727,33.75796178343949
98,12.9,5.7,35,,9,SP98,,,0,0,0,0,8.015685900000001,1.5057804000000001,5.323276820444734,44.18604651162791
99,6.4,4.4,37,,10,SP98,,,0,0,0,0,3.9767744,1.1623568000000002,3.421302649926425,68.75
100,5.3,4.1,34,,9,SP98,,,0,0,0,0,3.2932663,1.0831051999999999,3.040578422114491,77.35849056603773
101,26.2,5.8,71,21.0,8,SP98,,,1,1,0,0,16.2799202,1.5321976000000002,10.62520930720685,22.137404580152673
102,18.8,5.0,62,,9,SP98,,,0,1,0,0,11.681774800000001,1.3208600000000001,8.84406735005981,26.595744680851062
103,4.9,6.9,25,21.0,12,SP98,,,0,1,0,0,3.0447179,1.8227868000000003,1.6703642466579194,140.81632653061226
104,12.4,5.4,18,21.0,11,SP98,,,1,1,0,0,7.7050004,1.4265288000000003,5.401223164930143,43.54838709677419
105,22.9,5.3,45,20.5,7,SP98,,,0,0,0,0,14.2293959,1.4001116,10.163044074486633,23.144104803493452
106,162.7,5.5,75,23.0,1,SP98,45.0,SP98,0,0,0,0,101.0970617,1.452946,69.58074264287868,3.380454824830977
107,4.9,6.5,26,21.0,1,SP98,,,0,0,0,0,3.0447179,1.7171180000000001,1.7731558926060993,132.6530612244898
108,11.8,4.7,36,21.0,4,SP98,,,0,0,0,0,7.3321778,1.2416084,5.905386754793218,39.83050847457627
109,16.6,5.1,56,21.0,7,SP98,,,0,0,0,0,10.314758600000001,1.3472772,7.656003233781438,30.722891566265055
110,12.4,5.7,37,21.0,7,SP98,,,0,0,0,0,7.7050004,1.5057804000000001,5.116948261512768,45.96774193548387
111,15.9,5.4,25,21.0,7,SP98,,,0,0,0,0,9.8797989,1.4265288000000003,6.925761961483007,33.9622641509434
112,5.1,8.7,21,23.5,5,SP98,,,0,0,0,0,3.1689920999999996,2.2982964,1.3788439558970722,170.58823529411765
113,22.4,4.9,66,20.5,7,SP98,,,0,0,0,0,13.9187104,1.2944428000000001,10.752665471197336,21.875000000000004
114,31.1,4.7,42,20.5,7,SP98,,,0,0,0,0,19.3246381,1.2416084,15.564197294412635,15.112540192926044
115,4.9,6.3,27,20.5,3,SP98,,,0,0,0,0,3.0447179,1.6642836,1.8294465558634359,128.57142857142856
116,11.8,5.1,26,23.0,4,SP98,,,0,1,0,0,7.3321778,1.3472772,5.442219166181986,43.220338983050844
117,22.9,6.0,42,23.0,4,SP98,,,0,1,0,0,14.2293959,1.585032,8.97735559912986,26.200873362445414
118,12.4,4.6,38,23.0,1,SP98,,,0,0,1,0,7.7050004,1.2151912,6.34056632404843,37.096774193548384
119,12.9,5.8,40,23.0,4,SP98,,,0,0,0,0,8.015685900000001,1.5321976000000002,5.231496185609481,44.961240310077514
120,11.8,5.1,43,23.0,0,SP98,,,0,0,0,0,7.3321778,1.3472772,5.442219166181986,43.220338983050844
121,12.2,5.8,58,23.0,2,SP98,,,0,0,0,0,7.5807262,1.5321976000000002,4.947616547630671,47.54098360655738
122,24.8,4.6,55,23.0,3,SP98,,,0,0,0,0,15.4100008,1.2151912,12.68113264809686,18.548387096774192
123,14.2,5.6,24,23.0,8,SP98,,,0,0,0,0,8.823468199999999,1.4793632,5.964369128554772,39.436619718309856
124,11.8,4.6,38,23.0,0,SP98,,,0,0,1,0,7.3321778,1.2151912,6.033764727723506,38.983050847457626
125,12.2,6.3,57,23.0,0,SP98,,,0,0,1,0,7.5807262,1.6642836,4.554948567659983,51.63934426229508
126,24.7,5.5,56,25.0,1,SP98,,,0,0,0,0,15.3478637,1.452946,10.563271931647838,22.267206477732795
127,6.8,4.3,46,24.0,2,SP98,,,0,0,0,0,4.2253228,1.1359396,3.719672067071172,63.23529411764706
128,17.3,5.6,37,21.5,1,SP98,,,0,0,0,0,10.749718300000001,1.4793632,7.266449712957575,32.36994219653179
129,11.8,4.3,44,21.5,-3,SP98,,,0,0,0,0,7.3321778,1.1359396,6.454725057564681,36.440677966101696
130,15.9,5.7,46,21.5,5,SP98,,,0,0,0,0,9.8797989,1.5057804000000001,6.561248174036533,35.84905660377358
131,5.1,6.4,39,21.5,4,SP98,,,0,0,0,0,3.1689920999999996,1.6907008000000001,1.8743660025475823,125.4901960784314
132,16.1,4.5,33,21.5,6,SP98,,,0,0,0,0,10.004073100000001,1.188774,8.415454156971805,27.95031055900621
133,11.8,4.5,43,21.5,3,SP98,,,0,0,0,0,7.3321778,1.188774,6.167848388339584,38.13559322033898
134,4.2,6.0,26,21.5,5,SP98,,,0,0,0,0,2.6097582,1.585032,1.6465019002770922,142.85714285714286
135,17.4,5.1,30,21.5,5,SP98,,,0,0,0,0,10.811855399999999,1.3472772,8.024967245048012,29.31034482758621
136,23.5,6.0,25,21.5,5,SP98,,,0,1,0,0,14.6022185,1.585032,9.212570156312301,25.53191489361702
137,11.8,4.5,38,21.5,5,SP98,,,0,1,0,0,7.3321778,1.188774,6.167848388339584,38.13559322033898
138,12.3,6.1,61,21.5,10,SP98,,,0,1,0,0,7.6428633,1.6114492,4.742850907121366,49.59349593495934
139,16.1,5.4,24,21.5,7,E10,38.0,E10,0,1,0,0,10.004073100000001,1.4265288000000003,7.01287846414317,33.54037267080745
140,11.8,4.3,40,21.5,10,E10,,,0,1,0,0,7.3321778,1.1359396,6.454725057564681,36.440677966101696
141,12.3,5.4,58,21.5,13,E10,,,0,0,0,0,7.6428633,1.4265288000000003,5.357664913600061,43.90243902439025
142,12.4,4.3,49,21.5,17,E10,,,0,0,0,0,7.7050004,1.1359396,6.782931416423902,34.677419354838705
143,7.0,5.2,25,21.5,17,E10,,,0,0,0,0,4.349597,1.3736944000000002,3.166349808225177,74.28571428571429
144,11.8,4.1,37,21.5,10,E10,,,0,0,0,0,7.3321778,1.0831051999999999,6.769589694519056,34.7457627118644
145,20.1,4.4,41,21.5,18,E10,,,0,0,0,0,12.4895571,1.1623568000000002,10.745028634925179,21.890547263681594
146,20.8,4.5,45,21.5,10,E10,,,0,0,0,0,12.924516800000001,1.188774,10.872139531988418,21.634615384615383
147,1.7,10.8,14,21.5,10,E10,,,0,1,0,0,1.0563307,2.8530576000000005,0.3702451363056953,635.2941176470589
148,35.9,4.7,45,21.5,12,E10,,,0,0,0,0,22.3072189,1.2416084,17.9663885167014,13.091922005571032
149,36.9,4.8,52,21.5,5,E10,,,0,0,0,0,22.9285899,1.2680256,18.082119083400208,13.008130081300814
150,16.8,4.0,46,21.5,8,E10,,,0,0,0,0,10.4390328,1.056688,9.879011401662552,23.809523809523807
151,9.9,5.0,28,21.5,9,E10,,,0,0,0,0,6.151572900000001,1.3208600000000001,4.657248232212346,50.505050505050505
152,22.9,4.6,61,21.5,7,E10,,,0,1,0,0,14.2293959,1.2151912,11.7095942597346,20.087336244541483
153,17.3,5.0,61,21.5,6,E10,,,1,1,0,0,10.749718300000001,1.3208600000000001,8.138423678512485,28.90173410404624
154,11.8,4.3,37,21.5,7,E10,,,0,0,0,0,7.3321778,1.1359396,6.454725057564681,36.440677966101696
155,36.6,5.2,80,21.5,7,E10,,,0,1,0,0,22.742178600000003,1.3736944000000002,16.555486140148783,14.207650273224044
156,44.9,4.7,62,21.5,8,E10,,,0,0,0,0,27.899557899999998,1.2416084,22.470497058492835,10.46770601336303
157,11.8,4.2,34,21.5,9,E10,,,0,1,0,0,7.3321778,1.1095224000000001,6.608408987506696,35.59322033898305
158,21.6,5.3,44,21.5,9,E10,,,0,1,0,0,13.4216136,1.4001116,9.58610270781272,24.537037037037035
159,39.4,5.3,60,21.5,9,E10,,,0,1,0,0,24.4820174,1.4001116,17.485761420732462,13.451776649746192
160,5.1,8.1,39,21.5,4,E10,,,0,0,0,0,3.1689920999999996,2.1397932,1.480980545222781,158.82352941176472
161,26.6,4.8,38,21.5,7,E10,,,0,0,0,0,16.5284686,1.2680256,13.03480671052698,18.045112781954884
162,53.2,5.1,71,21.5,2,E10,,,0,0,0,0,33.0569372,1.3472772,24.536106749227258,9.586466165413533
163,18.9,4.4,53,21.5,2,E10,,,0,0,0,0,11.743911899999999,1.1623568000000002,10.103534388063972,23.280423280423285
164,43.5,5.0,80,21.5,3,E10,,,0,0,0,0,27.0296385,1.3208600000000001,20.46366647487243,11.494252873563218
165,6.1,6.3,26,21.5,5,E10,,,0,0,0,0,3.7903631,1.6642836,2.2774742838299913,103.27868852459017
166,16.4,4.8,49,21.5,5,E10,,,0,0,0,0,10.190484399999999,1.2680256,8.036497370400092,29.268292682926834
167,12.3,6.1,40,21.5,6,E10,,,0,0,0,0,7.6428633,1.6114492,4.742850907121366,49.59349593495934
168,21.1,4.6,36,21.5,8,E10,,,0,0,0,0,13.1109281,1.2151912,10.789189470759828,21.800947867298575
169,21.1,4.8,43,21.5,7,E10,,,0,0,0,0,13.1109281,1.2680256,10.339639909478167,22.748815165876778
170,22.7,4.7,55,21.5,6,E10,,,0,0,0,0,14.1051217,1.2416084,11.360362655407291,20.704845814977975
171,44.4,4.8,38,21.5,8,E10,38.3,E10,0,0,0,0,27.5888724,1.2680256,21.75734653937586,10.81081081081081
172,35.8,4.4,51,21.5,6,E10,,,0,0,0,0,22.245081799999998,1.1623568000000002,19.13791169802594,12.290502793296092
173,11.8,4.9,44,21.5,0,E10,,,0,0,0,0,7.3321778,1.2944428000000001,5.664350560720025,41.52542372881356
174,26.2,4.9,42,21.5,6,E10,,,0,0,0,0,16.2799202,1.2944428000000001,12.576778363632597,18.702290076335878
175,40.6,4.4,44,21.0,3,E10,,,0,0,0,0,25.227662600000002,1.1623568000000002,21.70388868547076,10.83743842364532
176,12.4,5.3,38,21.0,-5,E10,,,0,0,0,0,7.7050004,1.4001116,5.503133035966561,42.74193548387096
177,14.1,5.3,47,21.0,-3,E10,,,0,0,0,0,8.7613311,1.4001116,6.257594823155525,37.5886524822695
178,58.7,4.8,75,21.0,0,E10,,,0,0,0,0,36.4744777,1.2680256,28.76478022210277,8.17717206132879
179,16.2,5.2,29,21.0,0,E10,,,0,0,0,0,10.0662102,1.3736944000000002,7.327838127606838,32.098765432098766
180,12.3,4.9,50,22.5,0,E10,,,0,0,0,0,7.6428633,1.2944428000000001,5.904365414987823,39.83739837398374
181,12.3,7.1,52,22.5,0,E10,,,1,0,1,0,7.6428633,1.8756212,4.074843737104272,57.72357723577235
182,12.4,5.2,51,22.5,1,E10,,,0,0,0,0,7.7050004,1.3736944000000002,5.608962517427456,41.935483870967744
183,31.8,4.7,59,22.5,3,E10,,,0,0,0,0,19.7595978,1.2416084,15.91451684766308,14.779874213836477
184,12.3,5.1,55,22.5,8,E10,,,0,0,0,0,7.6428633,1.3472772,5.672821673223595,41.46341463414633
185,51.6,5.0,73,22.5,12,E10,,,0,0,0,0,32.062743600000005,1.3208600000000001,24.27414230122799,9.689922480620154
186,38.6,4.6,44,22.5,10,E10,,,0,0,0,0,23.984920600000002,1.2151912,19.737569363570113,11.917098445595855
187,12.3,4.8,41,22.5,7,E10,,,0,0,0,0,7.6428633,1.2680256,6.02737302780007,39.02439024390244
188,81.2,4.4,69,22.0,13,E10,,,0,0,0,0,50.455325200000004,1.1623568000000002,43.40777737094152,5.41871921182266
189,130.3,4.6,85,22.0,12,E10,,,0,0,0,0,80.96464130000001,1.2151912,66.627080001896,3.530314658480429
190,67.2,4.3,67,22.0,18,E10,,,0,0,0,0,41.7561312,1.1359396,36.759112192232756,6.398809523809524
191,43.7,4.7,44,22.0,9,SP98,10.0,SP98,0,1,0,1,27.153912700000003,1.2416084,21.869949252920648,10.755148741418765
192,12.1,4.2,43,22.0,4,SP98,39.0,SP98,0,0,0,0,7.5185891,1.1095224000000001,6.776419385494154,34.710743801652896
193,56.1,4.8,82,22.0,13,SP98,,,0,0,0,0,34.8589131,1.2680256,27.490701370697877,8.55614973262032
194,39.0,4.1,61,22.0,16,SP98,,,0,0,0,0,24.233469,1.0831051999999999,22.374067634427387,10.512820512820511
195,11.8,4.5,41,21.5,13,SP98,,,0,0,0,0,7.3321778,1.188774,6.167848388339584,38.13559322033898
196,38.5,4.8,63,21.5,14,SP98,,,0,0,0,0,23.9227835,1.2680256,18.86616760734168,12.467532467532468
197,28.2,4.6,54,21.5,14,SP98,,,0,0,0,0,17.5226622,1.2151912,14.419675027271428,16.31205673758865
198,2.9,7.4,24,21.5,14,SP98,,,0,0,0,0,1.8019759,1.9548728000000002,0.9217867781474067,255.17241379310346
199,6.1,5.6,24,21.5,13,SP98,,,0,0,0,0,3.7903631,1.4793632,2.5621585693087403,91.80327868852459
200,19.6,4.9,43,21.5,13,SP98,,,0,0,0,0,12.1788716,1.2944428000000001,9.40858228729767,25.0
201,22.2,3.8,42,,15,SP98,,,0,0,0,0,13.7944362,1.0038536,13.741482024868965,17.117117117117118
202,13.6,4.5,44,19.0,18,SP98,,,0,0,0,0,8.4506456,1.188774,7.10870661706935,33.088235294117645
203,12.6,4.1,33,,17,SP98,,,0,0,0,0,7.8292746,1.0831051999999999,7.228544928045771,32.53968253968254
204,8.7,5.3,28,22.5,12,SP98,,,1,1,0,0,5.4059276999999994,1.4001116,3.861069146202345,60.91954022988506
205,7.9,4.7,31,22.5,12,SP98,,,1,0,0,0,4.9088309,1.2416084,3.953606386683595,59.49367088607595
206,2.4,9.0,26,20.0,10,SP98,,,0,0,0,0,1.4912904,2.377548,0.627238819153178,375.0
207,4.9,6.3,26,20.0,10,SP98,,,0,0,0,0,3.0447179,1.6642836,1.8294465558634359,128.57142857142856
208,18.1,3.6,36,20.0,19,SP98,,,0,0,0,0,11.246815100000001,0.9510192000000001,11.82606523611721,19.88950276243094
209,25.9,3.7,39,20.0,21,SP98,,,0,0,0,0,16.0935089,0.9774364000000001,16.46501900277092,14.285714285714288
210,1.3,11.5,21,20.0,10,SP98,,,0,0,0,0,0.8077823000000001,3.0379780000000003,0.26589471681493415,884.6153846153846
211,14.1,5.0,22,20.0,12,SP98,,,0,0,0,0,8.7613311,1.3208600000000001,6.633050512544856,35.46099290780142
212,13.4,5.5,31,20.0,9,SP98,,,0,0,0,0,8.326371400000001,1.452946,5.730681938626763,41.04477611940298
213,6.4,4.7,33,20.0,8,SP98,,,0,0,0,0,3.9767744,1.2416084,3.2029216297183556,73.4375
214,12.9,4.5,42,20.0,13,SP98,,,0,0,0,0,8.015685900000001,1.188774,6.742817305896664,34.883720930232556
215,12.1,4.4,33,22.5,5,SP98,,,0,0,0,0,7.5185891,1.1623568000000002,6.468400322517146,36.36363636363637
216,15.7,4.1,32,22.5,13,SP98,,,0,0,0,0,9.7555247,1.0831051999999999,9.006996457961796,26.11464968152866
217,16.2,4.4,26,22.5,11,SP98,,,0,0,0,0,10.0662102,1.1623568000000002,8.660172332626264,27.160493827160497
218,12.8,4.6,22,22.5,12,SP98,,,0,0,0,0,7.9535488,1.2151912,6.545100721598379,35.93749999999999
219,19.0,4.4,58,22.5,17,SP98,,,0,0,0,1,11.806049,1.1623568000000002,10.156992241969073,23.157894736842106
220,29.0,4.0,27,22.5,12,SP98,,,0,0,0,0,18.019759,1.056688,17.053055395727025,13.793103448275861
221,12.1,5.0,32,22.5,9,SP98,,,0,0,0,0,7.5185891,1.3208600000000001,5.692192283815089,41.32231404958678
222,12.3,5.2,55,22.5,10,SP98,,,0,0,0,0,7.6428633,1.3736944000000002,5.563728948738525,42.27642276422764
223,24.8,4.0,56,22.5,11,SP98,,,0,0,0,0,15.4100008,1.056688,14.583302545311387,16.129032258064516
224,12.9,5.1,34,22.5,8,SP98,,,0,1,0,0,8.015685900000001,1.3472772,5.949544681673528,39.53488372093023
225,11.8,4.5,39,22.5,3,SP98,,,0,0,0,0,7.3321778,1.188774,6.167848388339584,38.13559322033898
226,31.4,4.6,62,22.5,11,SP98,,,0,0,0,0,19.5110494,1.2151912,16.055950207671025,14.64968152866242
227,19.0,5.1,53,22.5,4,SP98,,,0,1,0,0,11.806049,1.3472772,8.762895267581163,26.842105263157894
228,13.0,5.7,38,22.5,3,SP98,,,1,1,0,0,8.077823,1.5057804000000001,5.364542532231127,43.84615384615385
229,11.8,4.8,42,22.5,2,SP98,,,0,0,0,0,7.3321778,1.2680256,5.782357864068359,40.67796610169491
230,13.0,6.2,32,22.5,4,SP98,,,0,0,0,0,8.077823,1.6378664,4.9319181344705525,47.69230769230769
231,11.8,5.0,43,22.5,1,SP98,,,0,0,0,0,7.3321778,1.3208600000000001,5.551063549505625,42.3728813559322
232,27.1,5.0,69,22.5,8,SP98,,,0,0,0,0,16.839154100000002,1.3208600000000001,12.748628999288343,18.45018450184502
233,5.2,4.6,38,22.5,8,SP98,,,0,0,0,0,3.2311292000000003,1.2151912,2.6589471681493415,88.46153846153845
234,19.0,4.5,29,22.5,10,E10,39.0,E10,0,0,0,0,11.806049,1.188774,9.93128130325865,23.684210526315788
235,12.4,4.8,38,22.5,1,E10,,,0,0,0,0,7.7050004,1.2680256,6.076376060546411,38.70967741935484
236,25.2,5.0,55,22.5,9,E10,,,0,0,0,0,15.6585492,1.3208600000000001,11.854813681995061,19.841269841269842
237,14.3,4.8,36,22.5,10,E10,,,0,0,0,0,8.8856053,1.2680256,7.0074336827269095,33.56643356643356
238,11.8,4.6,40,22.5,2,E10,,,0,0,0,0,7.3321778,1.2151912,6.033764727723506,38.983050847457626
239,16.9,4.5,48,22.5,9,E10,,,0,0,0,1,10.501169899999999,1.188774,8.83361336974059,26.627218934911244
240,12.4,4.6,55,22.5,11,E10,,,0,0,0,1,7.7050004,1.2151912,6.34056632404843,37.096774193548384
241,17.4,4.4,36,22.5,12,E10,,,0,0,0,1,10.811855399999999,1.1623568000000002,9.301666579487467,25.287356321839084
242,9.2,5.7,33,22.5,8,E10,,,0,1,0,0,5.716613199999999,1.5057804000000001,3.796445484348182,61.956521739130444
243,12.3,5.8,54,22.5,10,E10,,,0,1,0,0,7.6428633,1.5321976000000002,4.988170781627644,47.15447154471544
244,13.0,5.9,32,22.5,10,E10,,,0,0,0,0,8.077823,1.5586148000000002,5.182693632833462,45.38461538461539
245,11.8,6.1,16,22.5,6,E10,,,0,1,0,0,7.3321778,1.6114492,4.550052089758709,51.69491525423729
246,13.0,5.7,37,22.5,11,E10,,,0,1,0,0,8.077823,1.5057804000000001,5.364542532231127,43.84615384615385
247,12.3,5.0,42,22.5,10,E10,,,0,0,0,0,7.6428633,1.3208600000000001,5.786278106688067,40.65040650406504
248,12.3,5.2,57,22.5,15,E10,,,0,0,0,1,7.6428633,1.3736944000000002,5.563728948738525,42.27642276422764
249,12.5,4.3,57,22.5,16,E10,,,0,0,0,1,7.7671375000000005,1.1359396,6.837632476233773,34.4
250,31.5,4.1,30,22.5,16,E10,,,0,0,0,1,19.5731865,1.0831051999999999,18.071362320114428,13.015873015873014
251,11.8,4.4,42,22.5,8,E10,,,0,0,0,0,7.3321778,1.1623568000000002,6.308026760801845,37.28813559322034
252,24.9,4.5,53,22.5,14,E10,,,0,0,0,0,15.4721379,1.188774,13.015205497428443,18.072289156626507
253,17.0,3.9,46,22.5,14,E10,,,0,0,0,1,10.563307,1.0302708,10.252942236157716,22.941176470588236
254,2.0,8.1,20,22.5,14,E10,,,0,0,0,0,1.242742,2.1397932,0.5807766844010906,405.0
255,11.8,4.4,33,22.5,8,E10,,,0,0,0,0,7.3321778,1.1623568000000002,6.308026760801845,37.28813559322034
256,7.4,5.0,31,22.5,12,E10,,,0,0,0,0,4.5981454,1.3208600000000001,3.481175446300137,67.56756756756756
257,12.4,4.7,55,22.5,14,E10,,,0,0,0,1,7.7050004,1.2416084,6.205660657579314,37.903225806451616
258,2.0,6.0,22,22.5,14,E10,,,0,0,0,0,1.242742,1.585032,0.7840485239414725,300.0
259,14.0,5.0,41,22.5,8,E10,,,0,0,0,0,8.699194,1.3208600000000001,6.586007601108368,35.714285714285715
260,25.7,5.0,45,22.5,7,E10,,,0,0,0,0,15.9692347,1.3208600000000001,12.090028239177505,19.45525291828794
261,24.5,3.9,50,,15,E10,,,0,0,0,1,15.223589500000001,1.0302708,14.776299105050828,15.918367346938775
262,11.8,4.5,28,22.5,12,E10,,,0,0,0,0,7.3321778,1.188774,6.167848388339584,38.13559322033898
263,4.1,5.4,24,22.5,13,E10,,,0,0,0,0,2.5476210999999997,1.4265288000000003,1.7858883045333536,131.70731707317077
264,4.2,5.6,29,22.0,17,E10,,,0,0,0,0,2.6097582,1.4793632,1.764109178868313,133.33333333333331
265,4.2,3.9,29,22.0,18,E10,,,0,0,0,1,2.6097582,1.0302708,2.533079846580142,92.85714285714285
266,16.0,4.0,40,22.0,10,E10,,,0,0,0,0,9.941936,1.056688,9.40858228729767,25.0
267,22.9,4.0,29,,21,E10,,,0,0,0,0,14.2293959,1.056688,13.466033398694789,17.467248908296945
268,16.0,3.8,42,,8,E10,,,0,0,0,0,9.941936,1.0038536,9.90377082873439,23.75
269,15.4,4.5,50,22.0,14,E10,,,0,0,0,0,9.5691134,1.188774,8.049564845799118,29.22077922077922
270,16.0,3.8,41,22.0,12,E10,,,0,0,0,0,9.941936,1.0038536,9.90377082873439,23.75
271,4.2,5.6,32,22.0,18,E10,,,0,0,0,0,2.6097582,1.4793632,1.764109178868313,133.33333333333331
272,101.9,5.2,75,22.0,18,E10,,,0,0,0,0,63.3177049,1.3736944000000002,46.09300649402079,5.103042198233562
273,93.9,4.8,88,23.0,18,E10,,,1,0,0,1,58.3467369,1.2680256,46.01384774881517,5.111821086261981
274,25.7,4.9,50,22.0,10,SP98,41.0,SP98,0,1,0,0,15.9692347,1.2944428000000001,12.3367635093648,19.066147859922182
275,16.0,4.1,40,22.0,10,SP98,,,0,0,0,0,9.941936,1.0831051999999999,9.179104670534313,25.624999999999996
276,16.1,4.5,32,22.0,19,SP98,,,0,0,0,0,10.004073100000001,1.188774,8.415454156971805,27.95031055900621
277,16.0,4.4,40,22.0,7,SP98,,,1,1,0,0,9.941936,1.1623568000000002,8.553256624816061,27.500000000000004
278,16.0,4.5,41,22.0,11,SP98,,,0,0,0,0,9.941936,1.188774,8.363184255375707,28.125
279,24.7,4.5,26,22.0,10,SP98,,,0,0,0,0,15.3478637,1.188774,12.910665694236247,18.218623481781375
280,16.0,3.9,42,22.0,8,SP98,,,0,0,0,0,9.941936,1.0302708,9.64982798697197,24.375
281,15.4,4.6,43,22.0,16,SP98,,,0,0,0,0,9.5691134,1.2151912,7.87457430567305,29.87012987012987
282,16.0,3.8,40,22.0,8,SP98,,,0,0,0,0,9.941936,1.0038536,9.90377082873439,23.75
283,32.1,4.5,50,22.0,16,SP98,,,0,0,0,0,19.9460091,1.188774,16.77863841234751,14.018691588785046
284,25.9,4.4,40,22.0,14,SP98,,,0,0,0,0,16.0935089,1.1623568000000002,13.845584161421,16.98841698841699
285,48.6,4.3,44,22.0,12,SP98,,,0,0,0,0,30.1986306,1.1359396,26.584715067596907,8.847736625514404
286,37.2,4.0,45,22.0,20,SP98,,,0,0,0,1,23.115001200000002,1.056688,21.874953817967082,10.75268817204301
287,28.8,3.9,35,22.0,15,SP98,,,0,0,0,1,17.895484800000002,1.0302708,17.369690376549546,13.541666666666666
288,6.7,5.0,30,22.0,17,SP98,,,0,0,0,0,4.1631857000000005,1.3208600000000001,3.1518750662447195,74.62686567164178
289,7.4,4.1,25,22.0,18,SP98,,,0,0,0,1,4.5981454,1.0831051999999999,4.24533591012212,55.405405405405396
290,17.3,4.1,22,22.0,25,SP98,,,0,0,0,1,10.749718300000001,1.0831051999999999,9.924906925015227,23.699421965317917
291,6.6,5.6,43,22.0,16,SP98,,,0,0,0,0,4.1010485999999995,1.4793632,2.772171566793063,84.84848484848484
292,14.3,4.1,26,22.0,20,SP98,,,0,0,0,0,8.8856053,1.0831051999999999,8.203824799290041,28.671328671328666
293,13.3,4.6,33,22.0,18,SP98,,,0,0,0,0,8.2642343,1.2151912,6.800768718535815,34.58646616541353
294,8.3,4.9,26,22.0,23,SP98,,,0,0,0,0,5.1573793000000006,1.2944428000000001,3.9842465808454417,59.036144578313255
295,12.7,4.5,39,22.0,27,SP98,,,0,0,0,1,7.8914117,1.188774,6.638277502704467,35.43307086614173
296,16.5,4.1,47,22.0,14,SP98,,,0,0,0,0,10.2526215,1.0831051999999999,9.46595169148851,24.848484848484848
297,20.6,4.1,38,22.0,21,SP98,,,0,0,0,0,12.8002426,1.0831051999999999,11.818097263312929,19.90291262135922
298,16.3,4.5,58,22.0,16,SP98,,,0,0,0,0,10.1283473,1.188774,8.519993960164001,27.60736196319018
299,18.7,4.2,65,25.0,18,SP98,,,1,0,0,1,11.6196377,1.1095224000000001,10.472648141218238,22.459893048128343
300,36.5,3.9,54,23.0,18,SP98,,,0,0,0,1,22.6800415,1.0302708,22.013670095279803,10.684931506849313
301,19.0,5.0,35,22.0,15,SP98,,,1,0,0,1,11.806049,1.3208600000000001,8.938153172932784,26.31578947368421
302,16.6,4.4,46,22.0,5,SP98,,,1,0,0,0,10.314758600000001,1.1623568000000002,8.874003748246665,26.506024096385545
303,29.9,4.5,32,22.0,18,SP98,,,1,0,0,0,18.5789929,1.188774,15.628700577233351,15.050167224080269
304,16.0,3.8,42,22.0,11,SP98,,,0,0,0,0,9.941936,1.0038536,9.90377082873439,23.75
305,21.1,5.1,33,22.0,10,SP98,,,0,1,0,0,13.1109281,1.3472772,9.731425797155923,24.170616113744074
306,16.0,3.9,40,22.0,10,SP98,,,0,0,0,0,9.941936,1.0302708,9.64982798697197,24.375
307,11.9,5.3,34,22.0,13,SP98,,,0,0,0,0,7.3943149,1.4001116,5.281232510322749,44.53781512605042
308,10.1,4.2,35,22.0,16,SP98,,,0,0,0,0,6.2758471,1.1095224000000001,5.656350065577765,41.584158415841586
309,31.9,4.3,33,22.0,16,SP98,,,0,0,0,0,19.8217349,1.1359396,17.449638079348585,13.479623824451412
310,18.7,4.0,60,22.0,13,SP98,,,0,0,0,0,11.6196377,1.056688,10.99628054827915,21.390374331550802
311,10.8,4.7,48,22.0,17,SP98,,,0,0,0,1,6.7108068,1.2416084,5.404930250149725,43.51851851851852
312,19.8,4.0,56,22.0,17,SP98,,,0,0,0,1,12.303145800000001,1.056688,11.643120580530866,20.2020202020202
313,11.3,4.3,38,22.0,17,SP98,37.0,SP98,0,0,0,0,7.0214923,1.1359396,6.18121975851533,38.05309734513274
314,11.5,5.3,53,22.0,15,SP98,,,0,0,0,0,7.1457665,1.4001116,5.103712089807698,46.08695652173913
315,21.4,5.2,51,22.0,13,SP98,,,0,0,0,0,13.297339399999998,1.3736944000000002,9.679983699431254,24.29906542056075
316,32.0,4.9,53,22.0,15,SP98,,,0,0,0,0,19.883872,1.2944428000000001,15.360950673139051,15.312500000000002
317,41.9,4.7,53,22.0,14,SP98,,,0,0,0,0,26.035444899999998,1.2416084,20.969127544562358,11.217183770883056
318,211.0,4.6,80,22.0,20,SP98,,,0,0,0,0,131.109281,1.2151912,107.89189470759828,2.1800947867298577
319,216.1,5.3,90,22.0,21,SP98,,,0,0,0,1,134.2782731,1.4001116,95.90540718325597,2.4525682554372974
320,25.5,3.6,27,22.0,27,SP98,,,0,0,0,1,15.844960500000001,0.9510192000000001,16.66103113375629,14.117647058823529
321,16.6,4.2,52,22.0,15,SP98,,,0,1,0,0,10.314758600000001,1.1095224000000001,9.29657535530603,25.301204819277107
322,25.9,4.1,43,22.0,24,SP98,,,0,0,0,0,16.0935089,1.0831051999999999,14.85867568542742,15.83011583011583
323,16.5,4.0,48,22.0,15,SP98,,,0,0,0,0,10.2526215,1.056688,9.702600483775722,24.242424242424242
324,22.1,3.9,29,22.0,26,SP98,,,0,0,0,0,13.7322991,1.0302708,13.328824907005032,17.64705882352941
325,16.6,3.7,49,22.0,17,E10,37.7,E10,0,0,0,0,10.314758600000001,0.9774364000000001,10.552869322239278,22.289156626506024
326,15.4,4.5,43,22.0,24,E10,,,0,0,0,0,9.5691134,1.188774,8.049564845799118,29.22077922077922
327,16.5,3.9,43,22.0,17,E10,,,0,0,0,0,10.2526215,1.0302708,9.951385111564843,23.636363636363637
328,15.4,5.1,21,22.0,24,E10,,,0,0,0,0,9.5691134,1.3472772,7.102557216881575,33.11688311688311
329,18.4,4.2,59,22.0,24,E10,,,0,0,0,0,11.433226399999999,1.1095224000000001,10.30463774323078,22.826086956521742
330,39.5,4.2,58,22.0,25,E10,,,0,0,0,0,24.5441545,1.1095224000000001,22.121369068348685,10.632911392405063
331,21.5,4.8,47,25.0,27,E10,,,1,0,0,1,13.3594765,1.2680256,10.535652040463535,22.325581395348838
332,4.8,4.7,26,25.0,18,E10,,,0,0,0,0,2.9825808,1.2416084,2.4021912222887667,97.91666666666667
333,100.9,4.7,87,23.5,22,E10,,,0,0,0,0,62.696333900000006,1.2416084,50.496061318528454,4.658077304261645
334,129.7,4.6,58,24.0,21,E10,,,1,0,0,0,80.59181869999999,1.2151912,66.32027840557106,3.5466461063993835
335,16.6,3.8,43,21.5,16,E10,,,0,0,0,0,10.314758600000001,1.0038536,10.27516223481193,22.891566265060238
336,15.4,4.2,50,21.5,21,E10,,,0,0,0,0,9.5691134,1.1095224000000001,8.624533763356197,27.27272727272727
337,16.0,3.7,45,22.0,17,E10,,,0,0,0,0,9.941936,0.9774364000000001,10.171440310592075,23.125
338,16.0,4.2,41,22.0,15,E10,,,0,0,0,0,9.941936,1.1095224000000001,8.960554559331113,26.25
339,15.4,4.1,45,22.0,24,E10,,,0,0,0,0,9.5691134,1.0831051999999999,8.834888245389276,26.623376623376622
340,16.0,4.0,43,22.0,16,E10,,,0,0,0,0,9.941936,1.056688,9.40858228729767,25.0
341,21.0,3.8,37,22.0,21,E10,,,0,0,0,0,13.048791,1.0038536,12.998699212713886,18.095238095238095
342,15.4,3.8,47,22.0,24,E10,,,0,0,0,0,9.5691134,1.0038536,9.53237942265685,24.675324675324674
343,16.0,3.8,42,22.0,17,E10,,,0,0,0,0,9.941936,1.0038536,9.90377082873439,23.75
344,16.1,5.1,30,25.0,16,E10,,,1,1,0,0,10.004073100000001,1.3472772,7.425400726739829,31.677018633540367
345,16.0,4.0,42,22.0,15,E10,,,0,0,0,0,9.941936,1.056688,9.40858228729767,25.0
346,15.4,4.8,40,22.0,18,E10,,,0,0,0,0,9.5691134,1.2680256,7.546467042936673,31.16883116883117
347,17.2,3.9,35,22.0,16,E10,,,0,0,0,0,10.6875812,1.0302708,10.373565085994867,22.674418604651166
348,16.6,4.6,50,22.0,25,E10,,,0,0,0,0,10.314758600000001,1.2151912,8.488177498322898,27.710843373493972
349,18.3,4.3,46,22.0,16,SP98,37.2,SP98,0,0,0,0,11.371089300000001,1.1359396,10.010293945206243,23.49726775956284
350,16.1,4.8,36,22.0,18,SP98,,,0,1,0,0,10.004073100000001,1.2680256,7.889488272161067,29.813664596273288
351,16.0,4.1,46,22.0,17,SP98,,,0,0,0,0,9.941936,1.0831051999999999,9.179104670534313,25.624999999999996
352,16.3,4.0,35,22.0,23,SP98,,,0,0,0,0,10.1283473,1.056688,9.5849932051845,24.539877300613497
353,16.0,3.7,44,22.0,16,SP98,,,0,0,0,0,9.941936,0.9774364000000001,10.171440310592075,23.125
354,18.3,4.3,46,22.0,23,SP98,,,0,0,0,0,11.371089300000001,1.1359396,10.010293945206243,23.49726775956284
355,4.5,5.2,23,22.0,23,SP98,,,0,0,0,1,2.7961695,1.3736944000000002,2.0355105910018993,115.55555555555557
356,17.0,4.2,48,22.0,16,SP98,,,0,0,0,0,10.563307,1.1095224000000001,9.520589219289308,24.705882352941178
357,6.1,5.0,35,24.5,18,SP98,,,0,0,0,0,3.7903631,1.3208600000000001,2.8696175976257887,81.9672131147541
358,6.1,5.0,33,22.0,24,SP98,,,0,0,0,1,3.7903631,1.3208600000000001,2.8696175976257887,81.9672131147541
359,17.3,4.2,36,22.0,22,SP98,,,0,0,0,0,10.749718300000001,1.1095224000000001,9.688599617276767,24.277456647398843
360,6.0,4.8,27,22.0,17,SP98,,,0,0,0,0,3.7282260000000003,1.2680256,2.9401819647805216,80.0
361,16.0,4.1,45,22.0,15,SP98,,,0,0,0,0,9.941936,1.0831051999999999,9.179104670534313,25.624999999999996
362,15.4,4.9,55,22.0,18,SP98,,,0,0,0,0,9.5691134,1.2944428000000001,7.392457511448169,31.818181818181817
363,15.4,4.3,39,22.0,23,SP98,,,0,0,0,0,9.5691134,1.1359396,8.423963210720007,27.92207792207792
364,16.0,3.9,35,22.0,18,SP98,,,0,0,0,0,9.941936,1.0302708,9.64982798697197,24.375
365,15.4,4.5,52,22.0,26,SP98,,,0,0,0,0,9.5691134,1.188774,8.049564845799118,29.22077922077922
366,16.6,4.1,48,25.5,30,SP98,,,1,0,0,1,10.314758600000001,1.0831051999999999,9.52332109567935,24.69879518072289
367,15.4,5.0,48,25.5,31,SP98,,,1,0,0,0,9.5691134,1.3208600000000001,7.244608361219205,32.467532467532465
368,16.0,4.0,43,22.0,21,SP98,,,1,0,0,0,9.941936,1.056688,9.40858228729767,25.0
369,15.4,4.5,42,22.0,30,SP98,,,0,0,0,0,9.5691134,1.188774,8.049564845799118,29.22077922077922
370,16.0,3.6,43,22.0,19,SP98,,,0,0,0,0,9.941936,0.9510192000000001,10.453980319219632,22.5
371,20.9,4.1,33,22.0,21,SP98,,,0,0,0,0,12.986653899999999,1.0831051999999999,11.990205475885444,19.617224880382775
372,32.1,3.9,47,22.0,26,SP98,,,0,0,0,0,19.9460091,1.0302708,19.359967398862512,12.149532710280372
373,15.3,6.6,16,24.0,27,SP98,,,1,0,0,0,9.5069763,1.7435352,5.45270109832024,43.13725490196078
374,28.5,4.0,44,25.0,23,SP98,,,1,0,0,0,17.7090735,1.056688,16.759037199248972,14.035087719298245
375,11.9,3.7,33,25.0,19,SP98,,,0,0,0,0,7.3943149,0.9774364000000001,7.565008731002855,31.092436974789916
376,14.5,4.3,36,25.0,22,SP98,,,0,0,0,0,9.0098795,1.1359396,7.9316536724311755,29.655172413793103
377,16.6,4.1,49,22.0,26,SP98,,,0,0,0,1,10.314758600000001,1.0831051999999999,9.52332109567935,24.69879518072289
378,16.2,4.4,39,24.5,17,SP98,,,1,0,0,0,10.0662102,1.1623568000000002,8.660172332626264,27.160493827160497
379,16.7,3.8,44,24.5,23,SP98,,,0,0,0,1,10.3768957,1.0038536,10.33706080249152,22.75449101796407
380,8.3,5.0,52,24.5,27,SP98,,,0,0,0,0,5.1573793000000006,1.3208600000000001,3.904561649228533,60.24096385542168
381,5.5,3.7,33,24.5,28,SP98,,,0,0,0,1,3.4175405,0.9774364000000001,3.4964326067660254,67.27272727272727
382,13.6,3.7,33,24.5,28,SP98,,,0,0,0,1,8.4506456,0.9774364000000001,8.645724264003263,27.20588235294118
383,16.0,3.7,39,24.5,18,SP98,,,0,0,0,0,9.941936,0.9774364000000001,10.171440310592075,23.125
384,16.1,4.3,38,25.0,31,SP98,,,1,0,0,0,10.004073100000001,1.1359396,8.806870629389099,26.708074534161486
385,16.0,3.8,45,25.0,19,SP98,,,0,0,0,0,9.941936,1.0038536,9.90377082873439,23.75
386,15.4,4.6,42,25.0,31,SP98,,,1,0,0,0,9.5691134,1.2151912,7.87457430567305,29.87012987012987
387,14.7,5.0,25,25.0,30,SP98,,,1,0,0,0,9.134153699999999,1.3208600000000001,6.915307981163785,34.01360544217687
